email,psw,name,phone
amit@gmail.com,12345678,Amit Fedali,523901111
roi@gmail.com,11111111,Roy Cohen,523901112
oz@gmail.com,22222222,Oz For,523901113
eyal@gmail.com,12345678,Eyal Arkush,523901114
nati@gmail.com,123123123,Nati Damari,523901115
elad@gmail.com,12345678,Elad Atlan,523901116
gilad@gmail.com,12345678,Gilad Carmel,523901117
moshe@gmail.com,12345678,Moshe Ben Ari,523901118
dan@gmail.com,12345678,Dan Man,523901119
